{
  "random_forest": {
    "val": {
      "accuracy": 0.7195549252299414,
      "balanced_accuracy": 0.43772389603386036,
      "f1_macro": 0.42325224153859703,
      "f1_weighted": 0.6943147085791442,
      "kappa": 0.3405987978607754,
      "per_class": {
        "O_NoInjury": {
          "precision": 0.8266427241287576,
          "recall": 0.9147739817772348,
          "f1-score": 0.8684782380849235,
          "support": 67937.0
        },
        "C_Possible": {
          "precision": 0.3686823904947686,
          "recall": 0.15198479421010308,
          "f1-score": 0.2152396728439797,
          "support": 13679.0
        },
        "B_NonIncap": {
          "precision": 0.31429892497977113,
          "recall": 0.31883208255159473,
          "f1-score": 0.3165492752779556,
          "support": 8528.0
        },
        "A_Incap": {
          "precision": 0.3166216737369842,
          "recall": 0.33786008230452674,
          "f1-score": 0.32689627712522396,
          "support": 4860.0
        },
        "K_Fatal": {
          "precision": 0.3344103392568659,
          "recall": 0.4651685393258427,
          "f1-score": 0.3890977443609023,
          "support": 890.0
        }
      },
      "confusion_matrix": [
        [
          62147,
          2072,
          2615,
          977,
          126
        ],
        [
          8553,
          2079,
          2014,
          924,
          109
        ],
        [
          3254,
          1017,
          2719,
          1378,
          160
        ],
        [
          1135,
          442,
          1212,
          1642,
          429
        ],
        [
          91,
          29,
          91,
          265,
          414
        ]
      ],
      "fatal_sensitivity": 0.4651685393258427
    },
    "test": {
      "accuracy": 0.7199296612578842,
      "balanced_accuracy": 0.44500004590385595,
      "f1_macro": 0.429986611165874,
      "f1_weighted": 0.6946559096106415,
      "kappa": 0.34628166421252937,
      "per_class": {
        "O_NoInjury": {
          "precision": 0.8264436093263829,
          "recall": 0.9151055959909319,
          "f1-score": 0.8685177190014792,
          "support": 67048.0
        },
        "C_Possible": {
          "precision": 0.3731155778894472,
          "recall": 0.15327337068711294,
          "f1-score": 0.21728678929765885,
          "support": 13564.0
        },
        "B_NonIncap": {
          "precision": 0.32413401476433845,
          "recall": 0.3315905658185198,
          "f1-score": 0.32781989432575237,
          "support": 8607.0
        },
        "A_Incap": {
          "precision": 0.323046875,
          "recall": 0.33976992604765816,
          "f1-score": 0.3311974369243092,
          "support": 4868.0
        },
        "K_Fatal": {
          "precision": 0.3476848090982941,
          "recall": 0.4852607709750567,
          "f1-score": 0.4051112162801704,
          "support": 882.0
        }
      },
      "confusion_matrix": [
        [
          61356,
          2062,
          2625,
          892,
          113
        ],
        [
          8411,
          2079,
          2039,
          920,
          115
        ],
        [
          3237,
          988,
          2854,
          1365,
          163
        ],
        [
          1149,
          423,
          1230,
          1654,
          412
        ],
        [
          88,
          20,
          57,
          289,
          428
        ]
      ],
      "fatal_sensitivity": 0.4852607709750567
    },
    "training_time_sec": 74.30587649345398,
    "feature_importance": {
      "AGE_CLEAN": 0.03199365449707559,
      "TRAV_SP_CLEAN": 0.015180675313261041,
      "SPEED_OVER_LIMIT": 0.012083249423510682,
      "VEHICLE_AGE": 0.02329092475850145,
      "VE_TOTAL": 0.024440026650286075,
      "NUMOCCS": 0.01184321980135369,
      "VSPD_LIM": 0.021399301054822788,
      "VNUM_LAN": 0.013462179760092851,
      "NUM_CRASH_FACTORS": 0.0017885307259506923,
      "NUM_DRIVER_RF": 0.0051968628524776,
      "NUM_VIOLATIONS": 0.028742745938274254,
      "BODY_TYPE_CAT_ENC": 0.019149982777505684,
      "LIGHT_CAT_ENC": 0.010546569447071595,
      "WEATHER_CAT_ENC": 0.007845046082368204,
      "COLLISION_TYPE_ENC": 0.03512678236816742,
      "AGE_GROUP_ENC": 0.013549016224643252,
      "SEX_CLEAN_ENC": 0.02123663884723596,
      "RESTRAINT_CAT_ENC": 0.08207810569425329,
      "AIRBAG_CAT_ENC": 0.09563988899349295,
      "EJECTION_CAT_ENC": 0.06380683630751564,
      "DEFORMATION_CAT_ENC": 0.09202665969549874,
      "SURFACE_CAT_ENC": 0.005761492165440498,
      "SPEED_LIMIT_CAT_ENC": 0.011325350095298987,
      "TIME_PERIOD_ENC": 0.010476436101868715,
      "VTRAFCON_CAT_ENC": 0.013788803298054517,
      "IS_WEEKEND": 0.007509327475187101,
      "IS_DRIVER": 0.011851084426840538,
      "MULTI_VEHICLE": 0.02478522771675952,
      "ROLLOVER_FLAG": 0.023852095977187782,
      "SPEED_RELATED": 0.013440365728773452,
      "IN_WORK_ZONE": 0.0005951936803889209,
      "AT_JUNCTION": 0.01696769534078894,
      "DISTRACTED": 0.026269811661120673,
      "DRIVER_IMPAIRED": 0.059636246364474614,
      "DRINKING_FLAG": 0.022945313651123025,
      "HAS_PRE_CRASH_MANEUVER": 0.003343550898025132,
      "HAS_DRIVER_RF": 0.00463099569322206,
      "HAS_VIOLATION": 0.03482452147990148,
      "HIT_RUN_FLAG": 0.0020711241575571016,
      "URBANICITY": 0.008268950012162388,
      "REGION": 0.016432254476578714,
      "DAY_WEEK": 0.014055436044305172,
      "HOUR": 0.019691244108617237,
      "MONTH": 0.0170505822329641
    }
  },
  "xgboost": {
    "val": {
      "accuracy": 0.7111810957932717,
      "balanced_accuracy": 0.4561771969971331,
      "f1_macro": 0.44567507681896146,
      "f1_weighted": 0.7038652789229343,
      "kappa": 0.36394237436226995,
      "per_class": {
        "O_NoInjury": {
          "precision": 0.8487179851818143,
          "recall": 0.8784756465548964,
          "f1-score": 0.8633404698530263,
          "support": 67937.0
        },
        "C_Possible": {
          "precision": 0.3442102223505631,
          "recall": 0.2614226186124717,
          "f1-score": 0.2971580521854745,
          "support": 13679.0
        },
        "B_NonIncap": {
          "precision": 0.32229373902867176,
          "recall": 0.32293621013133206,
          "f1-score": 0.32261465471797574,
          "support": 8528.0
        },
        "A_Incap": {
          "precision": 0.32273220093964583,
          "recall": 0.36748971193415636,
          "f1-score": 0.3436598037329228,
          "support": 4860.0
        },
        "K_Fatal": {
          "precision": 0.36224028906955735,
          "recall": 0.45056179775280897,
          "f1-score": 0.4016024036054081,
          "support": 890.0
        }
      },
      "confusion_matrix": [
        [
          59681,
          4461,
          2635,
          1061,
          99
        ],
        [
          7163,
          3576,
          1910,
          932,
          98
        ],
        [
          2600,
          1589,
          2754,
          1460,
          125
        ],
        [
          832,
          700,
          1158,
          1786,
          384
        ],
        [
          43,
          63,
          88,
          295,
          401
        ]
      ],
      "fatal_sensitivity": 0.45056179775280897
    },
    "test": {
      "accuracy": 0.7141382977603218,
      "balanced_accuracy": 0.464571099864044,
      "f1_macro": 0.4530499008845309,
      "f1_weighted": 0.7070008873993496,
      "kappa": 0.3750194703243138,
      "per_class": {
        "O_NoInjury": {
          "precision": 0.8507884343740091,
          "recall": 0.8803543729865171,
          "f1-score": 0.8653189274771671,
          "support": 67048.0
        },
        "C_Possible": {
          "precision": 0.3542192046556741,
          "recall": 0.2692421114715423,
          "f1-score": 0.30593951579123735,
          "support": 13564.0
        },