{
  "random_forest": {
    "val": {
      "accuracy": 0.7169687363130123,
      "balanced_accuracy": 0.4184546372868013,
      "f1_macro": 0.41302009481577545,
      "f1_weighted": 0.6942479228089109,
      "kappa": 0.3401804482272671,
      "per_class": {
        "O_NoInjury": {
          "precision": 0.8289277811305572,
          "recall": 0.9097987841676848,
          "f1-score": 0.8674825616482575,
          "support": 67937.0
        },
        "C_Possible": {
          "precision": 0.3612284692882678,
          "recall": 0.16251187952335697,
          "f1-score": 0.22417183482075329,
          "support": 13679.0
        },
        "B_NonIncap": {
          "precision": 0.31306070138646164,
          "recall": 0.3150797373358349,
          "f1-score": 0.3140669744608731,
          "support": 8528.0
        },
        "A_Incap": {
          "precision": 0.30805008944543827,
          "recall": 0.35432098765432096,
          "f1-score": 0.3295693779904306,
          "support": 4860.0
        },
        "K_Fatal": {
          "precision": 0.31137724550898205,
          "recall": 0.350561797752809,
          "f1-score": 0.3298097251585624,
          "support": 890.0
        }
      },
      "confusion_matrix": [
        [
          61809,
          2363,
          2567,
          1097,
          101
        ],
        [
          8369,
          2223,
          2036,
          966,
          85
        ],
        [
          3155,
          1087,
          2687,
          1464,
          135
        ],
        [
          1129,
          451,
          1189,
          1722,
          369
        ],
        [
          103,
          30,
          104,
          341,
          312
        ]
      ],
      "fatal_sensitivity": 0.350561797752809
    },
    "test": {
      "accuracy": 0.717328812559888,
      "balanced_accuracy": 0.42511282357861135,
      "f1_macro": 0.41858297740191414,
      "f1_weighted": 0.6949112799033466,
      "kappa": 0.3461481965766794,
      "per_class": {
        "O_NoInjury": {
          "precision": 0.8292679612442077,
          "recall": 0.9101688342679871,
          "f1-score": 0.8678370556823596,
          "support": 67048.0
        },
        "C_Possible": {
          "precision": 0.36661819356923575,
          "recall": 0.16728103804187555,
          "f1-score": 0.22973725510049106,
          "support": 13564.0
        },
        "B_NonIncap": {
          "precision": 0.3242867084203201,
          "recall": 0.32485186476124084,
          "f1-score": 0.32456904057113006,
          "support": 8607.0
        },
        "A_Incap": {
          "precision": 0.3082067968185105,
          "recall": 0.3502465078060805,
          "f1-score": 0.3278846153846154,
          "support": 4868.0
        },
        "K_Fatal": {
          "precision": 0.3172613307618129,
          "recall": 0.373015873015873,
          "f1-score": 0.34288692027097445,
          "support": 882.0
        }
      },
      "confusion_matrix": [
        [
          61025,
          2325,
          2555,
          1062,
          81
        ],
        [
          8240,
          2269,
          1973,
          984,
          98
        ],
        [
          3143,
          1108,
          2796,
          1422,
          138
        ],
        [
          1086,
          463,
          1223,
          1705,
          391
        ],
        [
          95,
          24,
          75,
          359,
          329
        ]
      ],
      "fatal_sensitivity": 0.373015873015873
    },
    "training_time_sec": 76.44782090187073,
    "feature_importance": {
      "AGE_CLEAN": 0.03766256867975719,
      "TRAV_SP_CLEAN": 0.016804121385504005,
      "SPEED_OVER_LIMIT": 0.013613726517836957,
      "VEHICLE_AGE": 0.027436876715550097,
      "VE_TOTAL": 0.02420662823385984,
      "NUMOCCS": 0.013164773941139404,
      "VSPD_LIM": 0.024842661981722605,
      "VNUM_LAN": 0.016101170224964843,
      "NUM_CRASH_FACTORS": 0.00212813634303841,
      "BODY_TYPE_CAT_ENC": 0.02044391026845969,
      "LIGHT_CAT_ENC": 0.012563688910196233,
      "WEATHER_CAT_ENC": 0.00941341300348995,
      "COLLISION_TYPE_ENC": 0.04262925613277039,
      "AGE_GROUP_ENC": 0.015634517150877807,
      "SEX_CLEAN_ENC": 0.0225824728235768,
      "RESTRAINT_CAT_ENC": 0.09294117066200287,
      "AIRBAG_CAT_ENC": 0.09601777469829247,
      "EJECTION_CAT_ENC": 0.06581725938718933,
      "DEFORMATION_CAT_ENC": 0.10120856702304525,
      "SURFACE_CAT_ENC": 0.00668409093911159,
      "SPEED_LIMIT_CAT_ENC": 0.01335174937770172,
      "TIME_PERIOD_ENC": 0.012252956326794039,
      "IS_WEEKEND": 0.008384737502313533,
      "IS_DRIVER": 0.011760140318266875,
      "MULTI_VEHICLE": 0.023983330991202496,
      "ROLLOVER_FLAG": 0.026446670756850272,
      "SPEED_RELATED": 0.012541087894941213,
      "IN_WORK_ZONE": 0.0006920216392534361,
      "AT_JUNCTION": 0.01914447909951034,
      "DISTRACTED": 0.027035576352860993,
      "DRIVER_IMPAIRED": 0.06400583808812033,
      "DRINKING_FLAG": 0.029179847359028697,
      "URBANICITY": 0.009470387149851633,
      "REGION": 0.018644206645839476,
      "DAY_WEEK": 0.017193896929266605,
      "HOUR": 0.02346301974895271,
      "MONTH": 0.020553268796859932
    }
  },
  "xgboost": {
    "val": {
      "accuracy": 0.7084384841595929,
      "balanced_accuracy": 0.4316461877114346,
      "f1_macro": 0.4255128128271167,
      "f1_weighted": 0.7009470386817982,
      "kappa": 0.35721995047883226,
      "per_class": {
        "O_NoInjury": {
          "precision": 0.8471251633429919,
          "recall": 0.8778868657727011,
          "f1-score": 0.8622317317353496,
          "support": 67937.0
        },
        "C_Possible": {
          "precision": 0.3414231627997282,
          "recall": 0.2571094378244024,
          "f1-score": 0.29332777314428693,
          "support": 13679.0
        },
        "B_NonIncap": {
          "precision": 0.32337894110648424,
          "recall": 0.3187148217636023,
          "f1-score": 0.32102994153428216,
          "support": 8528.0
        },
        "A_Incap": {
          "precision": 0.3039181692094313,
          "recall": 0.3606995884773663,
          "f1-score": 0.32988332706059464,
          "support": 4860.0
        },
        "K_Fatal": {
          "precision": 0.30118110236220474,
          "recall": 0.3438202247191011,
          "f1-score": 0.3210912906610703,
          "support": 890.0
        }
      },
      "confusion_matrix": [
        [
          59641,
          4445,
          2552,
          1189,
          110
        ],
        [
          7210,
          3517,
          1856,
          1000,
          96
        ],
        [
          2633,
          1572,
          2718,
          1475,
          130
        ],
        [
          864,
          704,
          1165,
          1753,
          374
        ],
        [
          56,
          63,
          114,
          351,
          306
        ]
      ],
      "fatal_sensitivity": 0.3438202247191011
    },
    "test": {
      "accuracy": 0.7104107656182543,
      "balanced_accuracy": 0.44256680447392,
      "f1_macro": 0.4346041058166808,
      "f1_weighted": 0.7032376601349969,
      "kappa": 0.3669967958875858,
      "per_class": {
        "O_NoInjury": {
          "precision": 0.8493845666022888,
          "recall": 0.8789523923159528,
          "f1-score": 0.8639155610936011,
          "support": 67048.0
        },
        "C_Possible": {
          "precision": 0.34809940084471075,
          "recall": 0.26127985844883517,
          "f1-score": 0.2985049484101916,
          "support": 13564.0
        },
        "B_NonIncap": {
          "precision": 0.33275180274482435,
          "recall": 0.33240385732543276,
          "f1-score": 0.33257773902935195,
          "support": 8607.0
        },
        "A_Incap": {
          "precision": 0.3129228100607112,
          "recall": 0.3705834018077239,
          "f1-score": 0.33932098184896076,