{
  "val": {
    "accuracy": 0.35629966421256803,
    "balanced_accuracy": 0.4358586488800011,
    "f1_macro": 0.30956444052810683,
    "f1_weighted": 0.40983443900166083,
    "kappa": 0.13643542507288164,
    "per_class": {
      "O_NoInjury": {
        "precision": 0.9390036980639548,
        "recall": 0.3176913905530124,
        "f1-score": 0.47475858428103207,
        "support": 67937.0
      },
      "C_Possible": {
        "precision": 0.15309950862924504,
        "recall": 0.4623876014328533,
        "f1-score": 0.23003345941227815,
        "support": 13679.0
      },
      "B_NonIncap": {
        "precision": 0.18699144585854371,
        "recall": 0.4203799249530957,
        "f1-score": 0.2588447653429603,
        "support": 8528.0
      },
      "A_Incap": {
        "precision": 0.21897013592618314,
        "recall": 0.45411522633744855,
        "f1-score": 0.2954682374991633,
        "support": 4860.0
      },
      "K_Fatal": {
        "precision": 0.19914712153518124,
        "recall": 0.5247191011235955,
        "f1-score": 0.28871715610510046,
        "support": 890.0
      }
    },
    "confusion_matrix": [
      [
        21583,
        32496,
        10322,
        3055,
        481
      ],
      [
        1072,
        6325,
        3840,
        2096,
        346
      ],
      [
        268,
        1853,
        3585,
        2414,
        408
      ],
      [
        59,
        604,
        1347,
        2207,
        643
      ],
      [
        3,
        35,
        78,
        307,
        467
      ]
    ],
    "fatal_sensitivity": 0.5247191011235955
  },
  "test": {
    "accuracy": 0.35477892786067033,
    "balanced_accuracy": 0.4422027047152614,
    "f1_macro": 0.31206148361106384,
    "f1_weighted": 0.4079270440714499,
    "kappa": 0.13595482628235267,
    "per_class": {
      "O_NoInjury": {
        "precision": 0.9384377074574021,
        "recall": 0.31625104402815896,
        "f1-score": 0.4730765369298216,
        "support": 67048.0
      },
      "C_Possible": {
        "precision": 0.15275293425792066,
        "recall": 0.45959893836626364,
        "f1-score": 0.22929655172413793,
        "support": 13564.0
      },
      "B_NonIncap": {
        "precision": 0.1865886165264203,
        "recall": 0.4147786685256187,
        "f1-score": 0.25739005046863733,
        "support": 8607.0
      },
      "A_Incap": {
        "precision": 0.21730462519936203,
        "recall": 0.447822514379622,
        "f1-score": 0.29261744966442954,
        "support": 4868.0
      },
      "K_Fatal": {
        "precision": 0.21059216013344453,
        "recall": 0.572562358276644,
        "f1-score": 0.3079268292682927,
        "support": 882.0
      }
    },
    "confusion_matrix": [
      [
        21204,
        32121,
        10216,
        3018,
        489
      ],
      [
        1042,
        6234,
        3857,
        2098,
        333
      ],
      [
        287,
        1852,
        3570,
        2468,
        430
      ],
      [
        60,
        570,
        1417,
        2180,
        641
      ],
      [
        2,
        34,
        73,
        268,
        505
      ]
    ],
    "fatal_sensitivity": 0.572562358276644
  },
  "training_time_sec": null,
  "best_epoch": null,
  "total_epochs": null,
  "n_params": 53797,
  "architecture": {
    "d_model": 32,
    "n_heads": 4,
    "n_layers": 2,
    "d_ff": 64,
    "dropout": 0.2,
    "n_cont": 30,
    "n_cat": 14
  },
  "note": "Evaluated from best checkpoint saved during training run"
}