{
  "val": {
    "accuracy": 0.38397605689615616,
    "balanced_accuracy": 0.43021390577330687,
    "f1_macro": 0.30200214558288635,
    "f1_weighted": 0.44563972662396856,
    "kappa": 0.14646484697795115,
    "per_class": {
      "O_NoInjury": {
        "precision": 0.9277974347633791,
        "recall": 0.37053446575503773,
        "f1-score": 0.5295732573183688,
        "support": 67937.0
      },
      "C_Possible": {
        "precision": 0.15777556880936602,
        "recall": 0.41772059361064406,
        "f1-score": 0.22904098607074858,
        "support": 13679.0
      },
      "B_NonIncap": {
        "precision": 0.18027990442288,
        "recall": 0.4335131332082552,
        "f1-score": 0.2546581711727226,
        "support": 8528.0
      },
      "A_Incap": {
        "precision": 0.19809480087225984,
        "recall": 0.3551440329218107,
        "f1-score": 0.254328446179916,
        "support": 4860.0
      },
      "K_Fatal": {
        "precision": 0.15363800360793747,
        "recall": 0.5741573033707865,
        "f1-score": 0.2424098671726755,
        "support": 890.0
      }
    },
    "confusion_matrix": [
      [
        25173,
        28178,
        11191,
        2730,
        665
      ],
      [
        1502,
        5714,
        4065,
        1884,
        514
      ],
      [
        387,
        1701,
        3697,
        2131,
        612
      ],
      [
        68,
        587,
        1455,
        1726,
        1024
      ],
      [
        2,
        36,
        99,
        242,
        511
      ]
    ],
    "fatal_sensitivity": 0.5741573033707865
  },
  "test": {
    "accuracy": 0.38659983784182206,
    "balanced_accuracy": 0.4407221236846096,
    "f1_macro": 0.30662435376786396,
    "f1_weighted": 0.4474586054960784,
    "kappa": 0.15122549994143075,
    "per_class": {
      "O_NoInjury": {
        "precision": 0.930432186310368,
        "recall": 0.3718231714592531,
        "f1-score": 0.53131859934784,
        "support": 67048.0
      },
      "C_Possible": {
        "precision": 0.15984307131848116,
        "recall": 0.4205249189029785,
        "f1-score": 0.23163922110093607,
        "support": 13564.0
      },
      "B_NonIncap": {
        "precision": 0.18641817466561764,
        "recall": 0.44045544324387126,
        "f1-score": 0.2619631689873199,
        "support": 8607.0
      },
      "A_Incap": {
        "precision": 0.20038910505836577,
        "recall": 0.359695973705834,
        "f1-score": 0.2573864471556666,
        "support": 4868.0
      },
      "K_Fatal": {
        "precision": 0.15778688524590165,
        "recall": 0.6111111111111112,
        "f1-score": 0.250814332247557,
        "support": 882.0
      }
    },
    "confusion_matrix": [
      [
        24930,
        27724,
        10964,
        2789,
        641
      ],
      [
        1413,
        5704,
        4059,
        1879,
        509
      ],
      [
        365,
        1663,
        3791,
        2090,
        698
      ],
      [
        79,
        565,
        1444,
        1751,
        1029
      ],
      [
        7,
        29,
        78,
        229,
        539
      ]
    ],
    "fatal_sensitivity": 0.6111111111111112
  },
  "training_time_sec": 438.7080101966858,
  "best_epoch": 7,
  "total_epochs": 11,
  "n_params": 42789,
  "architecture": {
    "d_model": 32,
    "n_heads": 4,
    "n_layers": 2,
    "d_ff": 64,
    "dropout": 0.2,
    "n_cont": 24,
    "n_cat": 13
  },
  "training_history": [
    {
      "epoch": 1,
      "train_loss": 1.2275006969769795,
      "val_loss": 1.8674351206774964,
      "val_f1_macro": 0.10673719794359968,
      "val_fatal_recall": 0.851685393258427
    },
    {
      "epoch": 2,
      "train_loss": 1.0474603374799092,
      "val_loss": 1.6099269457359862,
      "val_f1_macro": 0.14540529114097822,
      "val_fatal_recall": 0.7370786516853932
    },
    {
      "epoch": 3,
      "train_loss": 0.9678891400496165,
      "val_loss": 1.4857003894899352,
      "val_f1_macro": 0.23597205947081684,
      "val_fatal_recall": 0.7393258426966293
    },
    {
      "epoch": 4,
      "train_loss": 0.9312123904625574,
      "val_loss": 1.4613818154682205,
      "val_f1_macro": 0.247762752562118,
      "val_fatal_recall": 0.6707865168539325
    },
    {
      "epoch": 5,
      "train_loss": 0.9055886616309484,
      "val_loss": 1.367824648098744,
      "val_f1_macro": 0.287476076951033,
      "val_fatal_recall": 0.5887640449438202
    },
    {
      "epoch": 6,
      "train_loss": 0.8890447417894999,
      "val_loss": 1.4054766177141567,
      "val_f1_macro": 0.2841668587851739,
      "val_fatal_recall": 0.5943820224719101
    },
    {
      "epoch": 7,
      "train_loss": 0.8773178681731224,
      "val_loss": 1.3700686578251169,
      "val_f1_macro": 0.30200214558288635,
      "val_fatal_recall": 0.5741573033707865
    },
    {
      "epoch": 8,
      "train_loss": 0.8637336318691572,
      "val_loss": 1.3965462508220394,
      "val_f1_macro": 0.2833016374554026,
      "val_fatal_recall": 0.5808988764044943
    },
    {
      "epoch": 9,
      "train_loss": 0.8601335063576698,
      "val_loss": 1.3940690264158941,
      "val_f1_macro": 0.28659798283312077,
      "val_fatal_recall": 0.5831460674157304
    },
    {
      "epoch": 10,
      "train_loss": 0.8524395550290743,
      "val_loss": 1.3760568775852113,
      "val_f1_macro": 0.29890979953267627,
      "val_fatal_recall": 0.5752808988764045
    },
    {
      "epoch": 11,
      "train_loss": 0.8486987228194872,
      "val_loss": 1.3981593233339604,
      "val_f1_macro": 0.2880744633686232,
      "val_fatal_recall": 0.5685393258426966
    }
  ]
}