{
  "train_size": 286938,
  "val_size": 95894,
  "test_size": 94969,
  "train_smote_size": 336142,
  "class_weights_inverse": {
    "2": 0.3794455109766301,
    "0": 0.04702288471581165,
    "3": 0.6496053762728968,
    "1": 0.240088144866841,
    "4": 3.6838380831678204
  },
  "class_weights_sqrt": {
    "2": 0.7608326009878368,
    "0": 0.26783605400964816,
    "3": 0.9954952888751826,
    "1": 0.6052011739118665,
    "4": 2.3706348822154664
  },
  "smote_target_counts": {
    "2": 30635,
    "0": 204236,
    "3": 30635,
    "1": 40001,
    "4": 30635
  },
  "train_class_dist": {
    "2": 25310,
    "0": 204236,
    "3": 14784,
    "1": 40001,
    "4": 2607
  },
  "val_class_dist": {
    "0": 67937,
    "1": 13679,
    "2": 8528,
    "4": 890,
    "3": 4860
  },
  "test_class_dist": {
    "0": 67048,
    "2": 8607,
    "1": 13564,
    "3": 4868,
    "4": 882
  },
  "train_smote_class_dist": {
    "2": 30635,
    "0": 204236,
    "3": 30635,
    "1": 40001,
    "4": 30635
  },
  "random_state": 42,
  "group_column": "CASENUM",
  "no_group_leakage": true
}